MERCHANT NAME,MERCHANT ID,STORE NAME,STORE ID,LEGAL ENTITY NAME,ADDRESS
Auntie Anne's,62f0f17f-4039-4993-8e64-84b03910c005,Auntie Anne's Alabang Town Center Activity Center,ab6fb13d-2fb9-4e7b-aba6-8f101a63026b,Pretiolas Philippines Inc.,NO OSC
Auntie Anne's,62f0f17f-4039-4993-8e64-84b03910c005,Auntie Anne's Ayala Feliz,2b50c30c-0495-4d9e-b468-3d461cce62d4,Pretiolas Philippines Inc.,NO OSC
Auntie Anne's,62f0f17f-4039-4993-8e64-84b03910c005,Auntie Anne's Ayala Manila Bay,69379ec7-356f-448e-8145-50667367d306,Pretiolas Philippines Inc.,NO OSC
Auntie Anne's,62f0f17f-4039-4993-8e64-84b03910c005,Auntie Anne's Ayala Vermosa,2f57acc7-c392-4951-82a9-14e06e405559,Pretiolas Philippines Inc.,NO OSC
Auntie Anne's,62f0f17f-4039-4993-8e64-84b03910c005,Auntie Anne's Caltex SLEX (Food Trailer),f7603eb4-2ef4-4d15-9430-e7dfe06a92c9,Pretiolas Philippines Inc.,NO OSC
Auntie Anne's,62f0f17f-4039-4993-8e64-84b03910c005,Auntie Anne's Cash & Carry Makati,c0c5af27-c9d8-463e-9dbc-13ade1da1711,Pretiolas Philippines Inc.,NO OSC
Auntie Anne's,62f0f17f-4039-4993-8e64-84b03910c005,Auntie Anne's District Mall Imus,043ce240-2b17-4770-a9c0-5aa4c3cda635,Pretiolas Philippines Inc.,NO OSC
Auntie Anne's,62f0f17f-4039-4993-8e64-84b03910c005,Auntie Anne's Festival Mall,60f0eb23-ea11-40bd-9ab7-c6fd36327e74,Pretiolas Philippines Inc.,NO OSC
Auntie Anne's,62f0f17f-4039-4993-8e64-84b03910c005,Auntie Anne's Fishermall Malabon,a8d4b353-f8d3-42a1-94a6-6534360f26fc,Pretiolas Philippines Inc.,NO OSC
Auntie Anne's,62f0f17f-4039-4993-8e64-84b03910c005,Auntie Anne's Fishermall QC,fbbdf683-b7ad-4991-96f3-4e5c3b987b0e,Pretiolas Philippines Inc.,NO OSC
Auntie Anne's,62f0f17f-4039-4993-8e64-84b03910c005,Auntie Anne's Gateway,42463b94-07de-495d-aeb4-9b5e6858cfe5,Pretiolas Philippines Inc.,NO OSC
Auntie Anne's,62f0f17f-4039-4993-8e64-84b03910c005,Auntie Anne's Glorietta 4,3247d01b-f306-4b70-af0e-8dcf9aab3fd4,Pretiolas Philippines Inc.,NO OSC
Auntie Anne's,62f0f17f-4039-4993-8e64-84b03910c005,Auntie Anne's Greenbelt 1,20445177-40d0-46ab-9a3a-a40e143ea09d,Pretiolas Philippines Inc.,NO OSC
Auntie Anne's,62f0f17f-4039-4993-8e64-84b03910c005,Auntie Anne's Greenhills,df441354-524b-4803-8707-276ac4dd7292,Pretiolas Philippines Inc.,NO OSC
Auntie Anne's,62f0f17f-4039-4993-8e64-84b03910c005,Auntie Anne's Greenhills East Wing,f96405a3-7bd3-4c0f-9b9e-ed9ebbb2b532,Pretiolas Philippines Inc.,NO OSC
Auntie Anne's,62f0f17f-4039-4993-8e64-84b03910c005,Auntie Anne's Mall of Asia Arena,311ac227-e5a0-4069-b22b-d4515fc2c4b4,Pretiolas Philippines Inc.,NO OSC
Auntie Anne's,62f0f17f-4039-4993-8e64-84b03910c005,Auntie Anne's Market Market,51528db7-51d4-4e15-b16c-dde4f681e779,Pretiolas Philippines Inc.,NO OSC
Auntie Anne's,62f0f17f-4039-4993-8e64-84b03910c005,Auntie Anne's One Ayala,ae640c9f-18f7-4f6c-ad10-90bc3ff4400c,Pretiolas Philippines Inc.,NO OSC
Auntie Anne's,62f0f17f-4039-4993-8e64-84b03910c005,Auntie Anne's Paseo Center,d9aa1779-0cc0-4a2b-9579-6b73f9b4fa77,Pretiolas Philippines Inc.,NO OSC
Auntie Anne's,62f0f17f-4039-4993-8e64-84b03910c005,Auntie Anne's PITX,e37304f9-c2ec-4735-bf87-51022ef90103,Pretiolas Philippines Inc.,NO OSC
Auntie Anne's,62f0f17f-4039-4993-8e64-84b03910c005,Auntie Anne's Powerplant Mall,6741636f-dccd-4222-827f-4ff2dc26f46a,Pretiolas Philippines Inc.,NO OSC
Auntie Anne's,62f0f17f-4039-4993-8e64-84b03910c005,Auntie Anne's Rob. Galleria South,59708ab5-ef72-444c-9e4a-a0a67eba649e,Pretiolas Philippines Inc.,NO OSC
Auntie Anne's,62f0f17f-4039-4993-8e64-84b03910c005,Auntie Anne's Robinsons Antipolo,8bcde404-3100-419b-9f6e-7d8739b48e8f,Pretiolas Philippines Inc.,NO OSC
Auntie Anne's,62f0f17f-4039-4993-8e64-84b03910c005,Auntie Anne's Robinsons Ermita,9e855a8b-395f-4f55-824c-ef3c4c4a46d3,Pretiolas Philippines Inc.,NO OSC
Auntie Anne's,62f0f17f-4039-4993-8e64-84b03910c005,Auntie Anne's Robinsons Galleria,643dab5c-5b80-4dea-9d3b-36011315b85f,Pretiolas Philippines Inc.,NO OSC
Auntie Anne's,62f0f17f-4039-4993-8e64-84b03910c005,Auntie Anne's Robinsons Magnolia,95bb4fc0-1e32-4e6b-936e-0d334b85853c,Pretiolas Philippines Inc.,NO OSC
Auntie Anne's,62f0f17f-4039-4993-8e64-84b03910c005,Auntie Anne's Robinsons Metro East,54f3c144-b7eb-4a18-a890-50c0e8494e18,Pretiolas Philippines Inc.,NO OSC
Auntie Anne's,62f0f17f-4039-4993-8e64-84b03910c005,Auntie Anne's Shangri-La,9cb22457-23ba-4410-a5c5-c9829ab697e9,Pretiolas Philippines Inc.,NO OSC
Auntie Anne's,62f0f17f-4039-4993-8e64-84b03910c005,Auntie Anne's Shangrila Plaza,66e2deea-17b3-47a2-91ea-b0c37f3256ff,Pretiolas Philippines Inc.,NO OSC
Auntie Anne's,62f0f17f-4039-4993-8e64-84b03910c005,Auntie Anne's Shell NLEX Balagtas,b4861ad3-cf22-4627-9ba1-6c8672674256,Pretiolas Philippines Inc.,NO OSC
Auntie Anne's,62f0f17f-4039-4993-8e64-84b03910c005,Auntie Anne's Shell SLEX Mamplasan,74e1a5cf-76ff-463c-95f2-ce2c832e49b1,Pretiolas Philippines Inc.,NO OSC
Auntie Anne's,62f0f17f-4039-4993-8e64-84b03910c005,Auntie Anne's SM Aura,b25f546a-254a-490d-8da6-5a8daff0bef5,Pretiolas Philippines Inc.,NO OSC
Auntie Anne's,62f0f17f-4039-4993-8e64-84b03910c005,Auntie Anne's SM Bacoor,0727af1e-913a-4988-922e-1e4f633e6956,Pretiolas Philippines Inc.,NO OSC
Auntie Anne's,62f0f17f-4039-4993-8e64-84b03910c005,Auntie Anne's SM Baguio,bab68770-2272-41db-a3d2-1975da3ca0b6,Pretiolas Philippines Inc.,NO OSC
Auntie Anne's,62f0f17f-4039-4993-8e64-84b03910c005,Auntie Anne's SM BF Parañaque,aa003e7b-8ed8-45b9-87b5-1ee2851fe4c9,Pretiolas Philippines Inc.,NO OSC
Auntie Anne's,62f0f17f-4039-4993-8e64-84b03910c005,Auntie Anne's SM Bicutan,37e1cc80-586a-4f74-a659-7d702fc3874e,Pretiolas Philippines Inc.,NO OSC
Auntie Anne's,62f0f17f-4039-4993-8e64-84b03910c005,Auntie Anne's SM Calamba,0fd7abb7-f0e0-416a-9e0c-f717401d42a6,Pretiolas Philippines Inc.,NO OSC
Auntie Anne's,62f0f17f-4039-4993-8e64-84b03910c005,Auntie Anne's SM Clark,3a321219-2cfe-463b-85b5-e219cc2dc424,Pretiolas Philippines Inc.,NO OSC
Auntie Anne's,62f0f17f-4039-4993-8e64-84b03910c005,Auntie Anne's SM Dasmarinas,08917aca-6e00-475b-99da-3af8ef6303b3,Pretiolas Philippines Inc.,NO OSC
Auntie Anne's,62f0f17f-4039-4993-8e64-84b03910c005,Auntie Anne's SM Ecoland,62d2d5e6-4e2d-41a7-a83e-ef95aed110e2,Pretiolas Philippines Inc.,NO OSC
Auntie Anne's,62f0f17f-4039-4993-8e64-84b03910c005,Auntie Anne's SM Fairview,fb6e7945-67cb-46f3-994f-eddceb152c1f,Pretiolas Philippines Inc.,NO OSC
Auntie Anne's,62f0f17f-4039-4993-8e64-84b03910c005,Auntie Anne's SM Fairview 2,8d2abacb-6d8a-4d21-8f56-a94e371e308c,Pretiolas Philippines Inc.,NO OSC
Auntie Anne's,62f0f17f-4039-4993-8e64-84b03910c005,Auntie Anne's SM Grand Central,a2d2e1d4-8ff8-47ce-b716-eaa0e7d514f6,Pretiolas Philippines Inc.,NO OSC
Auntie Anne's,62f0f17f-4039-4993-8e64-84b03910c005,Auntie Anne's SM Lanang,a6223093-e1c0-4b03-b7d4-4986e65d3edf,Pretiolas Philippines Inc.,NO OSC
Auntie Anne's,62f0f17f-4039-4993-8e64-84b03910c005,Auntie Anne's SM Lipa,3f306830-d5d5-4889-9866-2361e686b994,Pretiolas Philippines Inc.,NO OSC
Auntie Anne's,62f0f17f-4039-4993-8e64-84b03910c005,Auntie Anne's SM Makati,468db828-2492-4b8d-80c0-19c2083ceabd,Pretiolas Philippines Inc.,NO OSC
Auntie Anne's,62f0f17f-4039-4993-8e64-84b03910c005,Auntie Anne's SM Mall of Asia,eb21b6b5-fafc-461b-8944-8590330d5c58,Pretiolas Philippines Inc.,NO OSC
Auntie Anne's,62f0f17f-4039-4993-8e64-84b03910c005,Auntie Anne's SM Manila,f4c94dad-4c86-4908-9c4b-97bd6dfd3672,Pretiolas Philippines Inc.,NO OSC
Auntie Anne's,62f0f17f-4039-4993-8e64-84b03910c005,Auntie Anne's SM Marikina,8bbbd8a8-5129-4e40-a6b8-dcdc4fc2c1b1,Pretiolas Philippines Inc.,NO OSC
Auntie Anne's,62f0f17f-4039-4993-8e64-84b03910c005,Auntie Anne's SM Marilao,4407ddd7-2e08-48a7-84f0-45af333a8740,Pretiolas Philippines Inc.,NO OSC
Auntie Anne's,62f0f17f-4039-4993-8e64-84b03910c005,Auntie Anne's SM Megamall,3f1d585a-4859-47a0-90e5-8908d820d284,Pretiolas Philippines Inc.,NO OSC
Auntie Anne's,62f0f17f-4039-4993-8e64-84b03910c005,Auntie Anne's SM North EDSA Annex,1de00e1c-a750-46bf-af2e-e88dad435256,Pretiolas Philippines Inc.,NO OSC
Auntie Anne's,62f0f17f-4039-4993-8e64-84b03910c005,Auntie Anne's SM North EDSA City Center,8efaceea-9549-4d89-bde1-e35977fb1841,Pretiolas Philippines Inc.,NO OSC
Auntie Anne's,62f0f17f-4039-4993-8e64-84b03910c005,Auntie Anne's SM Olongapo Central,21a980cc-aefd-4438-92fc-72acf7b7c8f2,Pretiolas Philippines Inc.,NO OSC
Auntie Anne's,62f0f17f-4039-4993-8e64-84b03910c005,Auntie Anne's SM Olongapo Downtown,e12f9684-0684-44f2-b1c2-f57e65ecd9e6,Pretiolas Philippines Inc.,NO OSC
Auntie Anne's,62f0f17f-4039-4993-8e64-84b03910c005,Auntie Anne's SM Pampanga,5220cc8e-26bf-43ad-84a9-bc26e74515a7,Pretiolas Philippines Inc.,NO OSC
Auntie Anne's,62f0f17f-4039-4993-8e64-84b03910c005,Auntie Anne's SM Pasig,033cc82b-ba9d-438f-9830-3746b92815a2,Pretiolas Philippines Inc.,NO OSC
Auntie Anne's,62f0f17f-4039-4993-8e64-84b03910c005,Auntie Anne's SM San Lazaro,9e9b302e-c138-4169-85ef-193b8fd0bef4,Pretiolas Philippines Inc.,NO OSC
Auntie Anne's,62f0f17f-4039-4993-8e64-84b03910c005,Auntie Anne's SM Southmall,45183dc5-71b9-42c4-bf4c-839d1565c1a9,Pretiolas Philippines Inc.,NO OSC
Auntie Anne's,62f0f17f-4039-4993-8e64-84b03910c005,Auntie Anne's SM Sta Rosa,14c0564c-ded9-4de4-b87b-d7f7a56fa877,Pretiolas Philippines Inc.,NO OSC
Auntie Anne's,62f0f17f-4039-4993-8e64-84b03910c005,Auntie Anne's SM Sto Tomas,c40e8c52-94f2-44e4-b690-36b407e686a0,Pretiolas Philippines Inc.,NO OSC
Auntie Anne's,62f0f17f-4039-4993-8e64-84b03910c005,Auntie Anne's SM Sucat,104b0e94-9ff4-44a6-8c79-c90fa0aee55f,Pretiolas Philippines Inc.,NO OSC
Auntie Anne's,62f0f17f-4039-4993-8e64-84b03910c005,Auntie Anne's SM Tanza,c835dc51-5c73-4498-bb4e-5b9642a5aab1,Pretiolas Philippines Inc.,NO OSC
Auntie Anne's,62f0f17f-4039-4993-8e64-84b03910c005,Auntie Anne's SM Tanza,ee9ff63a-ca7e-4204-8666-6bf54a7d82b7,Pretiolas Philippines Inc.,NO OSC
Auntie Anne's,62f0f17f-4039-4993-8e64-84b03910c005,Auntie Anne's SM Telebastagan,b9e37f48-a44d-4de1-9216-c998e1d6df5b,Pretiolas Philippines Inc.,NO OSC
Auntie Anne's,62f0f17f-4039-4993-8e64-84b03910c005,Auntie Anne's SM Trece,5a6c65b8-5956-4b87-a082-6ed8cf26e9e7,Pretiolas Philippines Inc.,NO OSC
Auntie Anne's,62f0f17f-4039-4993-8e64-84b03910c005,Auntie Anne's Southwoods Mall,0759ee61-a383-4e31-8fdc-00c49d333f11,Pretiolas Philippines Inc.,NO OSC
Auntie Anne's,62f0f17f-4039-4993-8e64-84b03910c005,Auntie Anne's Sta Lucia Mall,809f44eb-be96-4242-989f-39ad2d441115,Pretiolas Philippines Inc.,NO OSC
Auntie Anne's,62f0f17f-4039-4993-8e64-84b03910c005,Auntie Anne's The Podium Mall,e2804677-b9a8-44bd-b581-fe4ce185f4d7,Pretiolas Philippines Inc.,NO OSC
Auntie Anne's,62f0f17f-4039-4993-8e64-84b03910c005,Auntie Anne's Trinoma Cinema,a77b3088-bc7c-471a-9ba9-d1466de07696,Pretiolas Philippines Inc.,NO OSC
Auntie Anne's,62f0f17f-4039-4993-8e64-84b03910c005,Auntie Anne's Unimart Capitol Commons,e25282c4-7c4f-4e58-a2eb-32c0af0c1aa7,Pretiolas Philippines Inc.,NO OSC
Auntie Anne's,62f0f17f-4039-4993-8e64-84b03910c005,Auntie Anne's UP Town Center,c4f62e3d-3769-44f2-9494-7b84d7ea8c95,Pretiolas Philippines Inc.,NO OSC
Auntie Anne's,62f0f17f-4039-4993-8e64-84b03910c005,Auntie Anne's Uptown BGC,857bdc89-bd2a-4411-88a2-13e823d61ad7,Pretiolas Philippines Inc.,NO OSC
Auntie Anne's,62f0f17f-4039-4993-8e64-84b03910c005,Auntie Anne's Venice Grand Canal Mall,5ce09b25-7926-4bb6-a89f-d04d11402b8a,Pretiolas Philippines Inc.,NO OSC
Auntie Anne's,62f0f17f-4039-4993-8e64-84b03910c005,Auntie Anne's Waltermart Makati,110f3d1b-2878-4b29-ab2d-0cf86001f215,Pretiolas Philippines Inc.,NO OSC
Auntie Anne's,62f0f17f-4039-4993-8e64-84b03910c005,Auntie Anne's Waltermart North EDSA,20989cf0-58ce-40ea-876a-ad4174d08fd4,Pretiolas Philippines Inc.,NO OSC
Auntie Anne's,62f0f17f-4039-4993-8e64-84b03910c005,Auring's Poblacion,ddc79ca3-d7de-4af7-89d4-e96f948978fc,Auring's Restaurant (Danarae M. Benisano),6073 R. Palma St. Poblacion Makati City
Banh Mi Kitchen,9f8d0113-5719-4994-bb9d-03fea73f8644,Banh Mi Ca Phe SM Grand Central,20e16165-7619-4ee8-88d5-2ed0bedb2aa9,8RGZ CORPORATION,"Unit 010 LG SM City Grand Central, Caloocan City"
Banh Mi Kitchen,9f8d0113-5719-4994-bb9d-03fea73f8644,Banh Mi Kitchen Ayala Feliz,781cc418-5450-47ab-86ca-531be8c9ca09,Bitecrunch Inc.,"Level 4 Space No. IM 402 Ayala Malls Feliz Marcos Hi-Way Cor. Amang Rodriguez Ave. Dela Paz Pasig City, 1600"
Banh Mi Kitchen,9f8d0113-5719-4994-bb9d-03fea73f8644,Banh Mi Kitchen Ayala Solenad,2244d794-758d-4651-b2f5-d9f60f18ec40,Tastecon Food and Beverage Kiosk,"Kiosk 2, Ground floor, Bldg. E, Ayala Malls Solenad 3, Nuvali, Sta. Rosa Laguna"
Banh Mi Kitchen,9f8d0113-5719-4994-bb9d-03fea73f8644,Banh Mi Kitchen Bohol,8895eea9-b8bb-462a-9074-0ff4e05c5053,A&A Stefanos Alexandra Restaurants Corporation,"Lower Ground Island City Mall, Tagbilaran City Bohol"
Banh Mi Kitchen,9f8d0113-5719-4994-bb9d-03fea73f8644,Banh Mi Kitchen Bonifacio Stopover,64feaced-06b3-4a6e-9eed-4b88d66775a2,BANH MI KITCHEN SERVICES INC.,"Bonifacio Stopover 31st St., Bonifacio Global City"
Banh Mi Kitchen,9f8d0113-5719-4994-bb9d-03fea73f8644,Banh Mi Kitchen Ca Phe Fatima University Medical Center,8b58b1a2-7f80-47ab-b724-34f1b52b76e7,BANH MI KITCHEN SERVICES INC.,"Fatima University Medical Center 120 MacArthur Highway, Valenzuela City"
Banh Mi Kitchen,9f8d0113-5719-4994-bb9d-03fea73f8644,Banh Mi Kitchen Central Avenue,446dc349-e160-4ad3-95f7-644ab74b53b7,GarSo UNITED FOODS INC.,Unit 1 25 Central Avenue Diliman Quezon City Philippines 
Banh Mi Kitchen,9f8d0113-5719-4994-bb9d-03fea73f8644,Banh Mi Kitchen Eastwood Mall,fb14b7c1-739c-4fb1-aa48-194eb2eec0db,Banh Mi Kitchen Services Inc. (New),"Unit 3K-1, Third Floor, Eastwood Mall, Eastwood City, Brgy. Bagumbayan, Quezon City. 1110"
Banh Mi Kitchen,9f8d0113-5719-4994-bb9d-03fea73f8644,Banh Mi Kitchen Lucky Chinatown Mall,6a85e89c-dfdd-4f65-b9b7-b33b300e4bf8,Happy Tastebuds Ventures Corp,5th floor lucky chinatown mall dela chambre binondo manila
Banh Mi Kitchen,9f8d0113-5719-4994-bb9d-03fea73f8644,Banh Mi Kitchen Makati Medical Center,12eb1581-0d33-49d5-9c6f-efb1b7f1dbdf,BANH MI KITCHEN SERVICES INC.,"3rd Level, Tower 1 Makati Medical Center, 2 Amorsolo St. Legaspi Village, Makati City"
Banh Mi Kitchen,9f8d0113-5719-4994-bb9d-03fea73f8644,Banh Mi Kitchen Mandala Park,fc7c47bf-bfc4-4375-9e1e-38e8ce98e410,BANH MI KITCHEN SERVICES INC.,G/F Mandala Park Brgy.Pleasant Hills
Banh Mi Kitchen,9f8d0113-5719-4994-bb9d-03fea73f8644,Banh Mi Kitchen Manila Doctors Hospital,235c6606-2e39-4f91-a114-4ce1f8c46ea6,BANH MI KITCHEN SERVICES INC,
Banh Mi Kitchen,9f8d0113-5719-4994-bb9d-03fea73f8644,Banh Mi Kitchen Mayfair Tower,6e3026a4-4224-4f64-82b8-c7a72830c162,JAVO'S FOOD STATION,"UNIT COM A-1 G/F MAYFAIR TOWER, U.N. AVE COR MABINI ST., ERMITA, MANILA, BRGY 670 ZONE 72"
Banh Mi Kitchen,9f8d0113-5719-4994-bb9d-03fea73f8644,Banh Mi Kitchen McKinley Hill,e229da36-2679-4ca2-904d-8a2dbc0871fe,Banh Mi Kitchen Services Inc. (New),UGF A102a Park Area McKinley West Pinagsama Taguig City 1630
Banh Mi Kitchen,9f8d0113-5719-4994-bb9d-03fea73f8644,Banh Mi Kitchen MOA Arena,2901d2ec-ada5-45ba-8892-52f7e6926a0f,BANH MI KITCHEN SERVICES INC.,"2nd Level, Mall of Asia Complex, J.W. Diokno Blvd, Pasay, 1300 Metro Manila"
Banh Mi Kitchen,9f8d0113-5719-4994-bb9d-03fea73f8644,Banh Mi Kitchen PITX,da5b58a6-ece3-4325-9d36-ba2a4b6327c0,Mondo Oro New Business Ventures Inc,"Ground Floor, PITX, 1 Kennedy Road Tambo, Parañaque City"
Banh Mi Kitchen,9f8d0113-5719-4994-bb9d-03fea73f8644,Banh Mi Kitchen Robinsons Manila,e1e0df95-5cdf-4c9f-bc5a-6255885d9c5f,HAPPY TASTEBUDS VENTURES CORP.,"350 Pedro Gil St, Ermita, Robinson's Place Manila"
Banh Mi Kitchen,9f8d0113-5719-4994-bb9d-03fea73f8644,Banh Mi Kitchen Shell Lacson Bacolod,4a69e37f-f75b-4321-884d-a4ebbf9e1c6c,Vermilion Trends Food Store,"2nd Flr.  E.M.B. North Gas Fuel Retailing Lacson St., Corner Carvic Road Mandalagan, Bacolod City"
Banh Mi Kitchen,9f8d0113-5719-4994-bb9d-03fea73f8644,Banh Mi Kitchen Shell Levi 2,009de4f3-27f4-4c6f-9453-30b69763ee95,MCA FOOD KIOSK,LOT 12940 CAYETANO AVENUE USUSAN 1639 TAGUIG CITY
Banh Mi Kitchen,9f8d0113-5719-4994-bb9d-03fea73f8644,Banh Mi Kitchen SM Aura Supermarket,83d37622-28b1-4d59-9332-29d7a19c6456,BANH MI KITCHEN SERVICES INC.,
Banh Mi Kitchen,9f8d0113-5719-4994-bb9d-03fea73f8644,Banh Mi Kitchen SM City Bacolod,b094d567-e6a2-4029-a01e-d0e72ad232a6,Vermilion Trends Food Store,"2nd Flr. North Wing, SM City Bacolod, Bishop Y. Fortich Ave., Bgy 10, Bacolod City 6100"
Banh Mi Kitchen,9f8d0113-5719-4994-bb9d-03fea73f8644,Banh Mi Kitchen SM City BF,1a6e2cf9-cd44-4a1d-bc86-44ced97c16b1,Banh Mi Kitchen Services Inc. (New),"Ground Floor, SM City BF, Dr Arcadio Santos Ave, Parañaque, 1700 Metro Manila"
Banh Mi Kitchen,9f8d0113-5719-4994-bb9d-03fea73f8644,Banh Mi Kitchen SM City Clark,0122104e-7149-472a-953b-391957896cd0,KLM Food and Beverage,"CT 211, 2nd Floor SM City Clark, Malabanias, Angeles City, Pampanga"
Banh Mi Kitchen,9f8d0113-5719-4994-bb9d-03fea73f8644,Banh Mi Kitchen SM City Pampanga,8425d6bd-a799-4959-a6d1-3474d9e50320,KLM Food and Beverage Kiosk,"CT 109 Ground Floor, SM City Pampanga, Lagundi, Mexico Pampanga"
Banh Mi Kitchen,9f8d0113-5719-4994-bb9d-03fea73f8644,Banh Mi Kitchen SM Ecoland,a51abc18-8c0e-40aa-a0d4-41d153b1e7dd,AOMA FOOD CORPORATION,"2L, MAIN MALL, SM CITY DAVAO, QUIMPO BLVD., COR. TULIP AND ECOLAND DRIVE, ECOLAND DRIVE, MATINA, DAVAO CITY"
Banh Mi Kitchen,9f8d0113-5719-4994-bb9d-03fea73f8644,Banh Mi Kitchen SM Hyper Pasig,141bac50-84c8-4f05-aaa6-1f4012be8dd9,BANH MI KITCHEN SERVICES INC.,"SM Center Pasig, Dona Julia Vargas Ave."
Banh Mi Kitchen,9f8d0113-5719-4994-bb9d-03fea73f8644,Banh Mi Kitchen SM Lanang Premier Davao,462d4e82-012f-4a02-840d-eeffbf8413f2,Murdie Olan,"3rd floor, SM Lanang Premier, J.P. Laurel Ave., Agdao, Davao City, Davao Del Sur, Philippines 8000                        "
Banh Mi Kitchen,9f8d0113-5719-4994-bb9d-03fea73f8644,Banh Mi Kitchen SM Marilao,c5208986-35f6-4fe4-aba4-92d6d2fc8126,Max's Group Inc.,
Banh Mi Kitchen,9f8d0113-5719-4994-bb9d-03fea73f8644,Banh Mi Kitchen SM Megamall,1473abc0-7bcf-406b-b44c-64ea41f17397,BANH MI KITCHEN SERVICES INC.,"4th Floor, SM Megamall Blgd. A Doña Julia Vargas Ave. Brgy. Wack Wack"
Banh Mi Kitchen,9f8d0113-5719-4994-bb9d-03fea73f8644,Banh Mi Kitchen SM Southmall,d863d6b4-4ab1-4fa6-ad10-5a39a031ff63,Banh Mi Kitchen Services Inc. (New),"Upper Ground Level SM Southmall, Alabang–Zapote Rd, Baranggay Almanza Uno, Las Piñas, 1750 Metro Manila"
Banh Mi Kitchen,9f8d0113-5719-4994-bb9d-03fea73f8644,Banh Mi Kitchen The Infinity,2cf4a6ea-e4c6-4feb-b1d8-4c9ae99da26c,KLM Food and Beverage Kiosk,
Banh Mi Kitchen,9f8d0113-5719-4994-bb9d-03fea73f8644,Banh Mi Kitchen Two Maridien,8f3ae086-dd88-44f3-957a-25ab9e99973b,BANH MI KITCHEN SERVICES INC.,Kiosk 12 Ground Floor The Two Maridien 26TH Street Bonifacio Global City
Banh Mi Kitchen,9f8d0113-5719-4994-bb9d-03fea73f8644,Banh Mi Ca Phe SM Batangas,de61b1b5-da02-41ce-9f7d-c21dc0084f3f,Lilibeth Velasquez Restaurant,"Unit 122 G/F SM City Batangas, Pastor Village, Barangay Pallocan West, Batangas City"
Mesa,778a5700-678b-489f-9be2-22a96bab523c,Mesa Alabang Town Center,9aeb6ff1-abca-4533-a8f4-8fd296592f86,OBIC SERECAC AVUEN INC.,
Mesa,778a5700-678b-489f-9be2-22a96bab523c,Mesa Ali Mall,69c513ce-0080-43a1-8307-b9d8dc96e7d6,ARANETA TABLE VENTURES INC,
Mesa,778a5700-678b-489f-9be2-22a96bab523c,Mesa Ayala Malls Centrio,ac518090-d790-4967-843d-91241b58d7cf,MAGS AND SPICES FOOD VENTURES,
Mesa,778a5700-678b-489f-9be2-22a96bab523c,Mesa Ayala Malls Circuit,a3a3d77a-516f-4602-9560-fea322d8958c,"Ricamara, Ma. Christina (Tin and Kyle Silog Silogan)",
Mesa,778a5700-678b-489f-9be2-22a96bab523c,Mesa Ayala Malls Clover Leaf,154c132a-c5d1-432f-ba8d-477eec115ff0,OBIC KAWATNILAB INC,
Mesa,778a5700-678b-489f-9be2-22a96bab523c,Mesa Ayala Malls Feliz,3ee98ba9-75cd-4df4-8a17-32ad6168fa7a,CRT & 3D BUSINESS CORP.,
Mesa,778a5700-678b-489f-9be2-22a96bab523c,Mesa Ayala Malls Manila Bay,21a32388-c310-4d87-969a-495dbf3f987e,FRD FOOD & SPICES INC.,
Mesa,778a5700-678b-489f-9be2-22a96bab523c,Mesa Ayala Malls Vermosa,2ab4f4db-0c50-4559-8f79-35737ea50bc3,YOYO'S TASTE ELEMENTS INC.,
Mesa,778a5700-678b-489f-9be2-22a96bab523c,Mesa Calle Bistro,918fe797-1794-45fb-8eba-8f28d91775a8,JBD DELICIOUS FOODS OPC,
Mesa,778a5700-678b-489f-9be2-22a96bab523c,Mesa Eastwood Mall,c3c893e2-4b8f-4f06-a807-83a2fa3e604a,AWESOME FAMILY FOOD CORP,
Mesa,778a5700-678b-489f-9be2-22a96bab523c,Mesa Evia Lifestyle Center,3b5be179-8e9d-493e-89bb-6361a2c89374,LES BON VIVANTS FOODS INC.,
Mesa,778a5700-678b-489f-9be2-22a96bab523c,Mesa Festival Mall,db7b88a0-82aa-4f3b-959c-876d0bb6d34f,FIRST FESTIVAL TABLE VENTURES INC.,
Mesa,778a5700-678b-489f-9be2-22a96bab523c,Mesa Fisher Mall,1465d706-1478-4501-9c64-0330d76c2cb1,1SANBRI TRADING INC.,
Mesa,778a5700-678b-489f-9be2-22a96bab523c,Mesa Greenbelt 5,571e86eb-f9db-4caf-995e-8c5d03f97444,LMG GB5 FOOD VENTURES INC,
Mesa,778a5700-678b-489f-9be2-22a96bab523c,Mesa Greenhills Mall,b713dc61-ddbc-41e1-8f53-51a588d2afc8,PURPLE PLATE FOOD CORPORATION,
Mesa,778a5700-678b-489f-9be2-22a96bab523c,Mesa Henann Regency Boracay,f1ea9491-a485-4b47-a56a-b4860a8bd94a,#N/A,
Mesa,778a5700-678b-489f-9be2-22a96bab523c,Mesa NOMO Vista Lifestyle Center,b0f4edee-ae4e-494b-8320-3299f381ba48,ONE CUISINE CORPORATION,
Mesa,778a5700-678b-489f-9be2-22a96bab523c,Mesa One Ayala,11771f38-2788-4971-b9d7-4b1b7fabf018,FRD FOOD & SPICES INC.,
Mesa,778a5700-678b-489f-9be2-22a96bab523c,Mesa Robinsons Galleria South,ad1957dd-1e0d-49e7-8d04-5ba5b47c7d2d,ROBINSON'S TABLE VENTURES INC,
Mesa,778a5700-678b-489f-9be2-22a96bab523c,Mesa Robinsons Ilocos Norte,61a7f01f-4448-405e-8aad-eaf04770db71,OBIC GAOAL INC,
Mesa,778a5700-678b-489f-9be2-22a96bab523c,Mesa Robinsons Magnolia,831e363e-8a9a-4172-86fe-8c2821598e36,"RGFS ASIA HOLDINGS, INC.",
Mesa,778a5700-678b-489f-9be2-22a96bab523c,Mesa Robinsons Place Manila,da1bd084-3ee5-4895-b3b4-6de20f044d39,OBIC YAB ALINAM INC,
Mesa,778a5700-678b-489f-9be2-22a96bab523c,Mesa Rockwell Power Plant Mall,cd42d5a3-27c4-4368-ac94-150a4f247ce5,LMG GB5 FOOD VENTURES INC,
Mesa,778a5700-678b-489f-9be2-22a96bab523c,Mesa Shangri-la,abba1014-0fb4-48f2-ad81-3a5445881532,CBD FOODVENTURE INC,
Mesa,778a5700-678b-489f-9be2-22a96bab523c,Mesa SM Aura Premier,f3f0eb5c-7e9c-4944-95f2-08db71a35e20,FRD FOOD & SPICES INC.,
Mesa,778a5700-678b-489f-9be2-22a96bab523c,Mesa SM Baguio,b9b75131-1fcd-4f45-a504-131759439de7,AWESOME FAMILY FOOD CORP,
Mesa,778a5700-678b-489f-9be2-22a96bab523c,Mesa SM Batangas,887661d4-b94f-4c1b-83ee-83c9cf516c52,NVU EATERY,
Mesa,778a5700-678b-489f-9be2-22a96bab523c,Mesa SM Calamba,41fbc687-bf76-405e-af30-6fa16a5660a9,OBIC ENEB INC,
Mesa,778a5700-678b-489f-9be2-22a96bab523c,Mesa SM Cebu,f193850b-dc39-46bd-b436-0ebdf64cbf45,NDM CAFETERIA,
Mesa,778a5700-678b-489f-9be2-22a96bab523c,Mesa SM City Bataan,05257f85-77d5-4ffa-bf79-77b72b4d08e1,MT. CARMEL GLOBAL VENTURES INC.,
Mesa,778a5700-678b-489f-9be2-22a96bab523c,Mesa SM City Sto Tomas,e70244d9-c172-42e8-8567-7822b04a1195,"RAGODON, LYSANDER P",
Mesa,778a5700-678b-489f-9be2-22a96bab523c,Mesa SM Clark,dcca9788-93da-4b36-a776-03f721f48e66,AQUINO BISTRO GROUP INC,
Mesa,778a5700-678b-489f-9be2-22a96bab523c,Mesa SM Daet,23b988c5-ac21-47e9-8392-c3eebefc4b46,ACRB FOOD CONCEPT INC.,
Mesa,778a5700-678b-489f-9be2-22a96bab523c,Mesa SM Dagupan,9901f9d9-8650-4305-aa18-be806f34be03,OBIC NAPUGAD INC.,
Mesa,778a5700-678b-489f-9be2-22a96bab523c,Mesa SM Dasmarinas,05f6bd6f-22a6-485b-90f1-55017c4181a9,OBIC ENEB INC.,
Mesa,778a5700-678b-489f-9be2-22a96bab523c,Mesa SM East Ortigas,defaaf57-c7a4-489f-ac28-3ee3a8c8b787,CAFÉ DEL MUNDO,
Mesa,778a5700-678b-489f-9be2-22a96bab523c,Mesa SM Fairview,21814629-a3bd-4d90-a532-b0332d18f5f9,CAFÉ DEL MUNDO,
Mesa,778a5700-678b-489f-9be2-22a96bab523c,Mesa SM Grand Central,29cc7e92-8517-43b9-95f2-04e812e846fd,FRD FOOD & SPICES INC.,
Mesa,778a5700-678b-489f-9be2-22a96bab523c,Mesa SM Iloilo,e9d89f71-77e3-403b-be57-c979da599266,GLOBAL VILLAGERS INTERNATIONAL INC,
Mesa,778a5700-678b-489f-9be2-22a96bab523c,Mesa SM Lanang Premier,8c194ab9-50c2-4272-895b-7625e621db05,GLOBAL 88 FOODS INC,
Mesa,778a5700-678b-489f-9be2-22a96bab523c,Mesa SM Legazpi,b1090b57-1b5c-4ad4-b5cd-b6447186c715,OBIC IPZAGEL INC.,
Mesa,778a5700-678b-489f-9be2-22a96bab523c,Mesa SM Lipa,9a9dd13a-8bcf-40d6-92c6-0f300a600832,OBIC APIL INC.,
Mesa,778a5700-678b-489f-9be2-22a96bab523c,Mesa SM Lucena,1fe00547-628e-453f-9917-839818f29895,LUCENA DELICIEUX VENTURES CORP.,
Mesa,778a5700-678b-489f-9be2-22a96bab523c,Mesa SM Mall of Asia,c825cd14-d79b-44b0-9d64-d34fc5b05598,FRD FOOD & SPICES INC.,
Mesa,778a5700-678b-489f-9be2-22a96bab523c,Mesa SM Megamall,d8eb51f8-a9e2-4766-b914-0c3c8bf8a179,LMG GB5 FOOD VENTURES INC,
Mesa,778a5700-678b-489f-9be2-22a96bab523c,Mesa SM Mindpro,653e9ded-2c44-4416-8918-c7808782c376,AC EIGHT A'S CORPORATION,
Mesa,778a5700-678b-489f-9be2-22a96bab523c,Mesa SM Naga,7237b3b8-942c-493b-b573-7c9807d2108d,OBIC SERECAC AVUEN INC.,
Mesa,778a5700-678b-489f-9be2-22a96bab523c,Mesa SM North EDSA,c8a474ed-1c79-4d87-bfca-03dcf1843019,FRD FOOD & SPICES INC.,
Mesa,778a5700-678b-489f-9be2-22a96bab523c,Mesa SM Olongapo,518886b0-7388-4462-b27c-fb63ff3eefcc,ELIXUM KITCHEN HUB COMPANY,
Mesa,778a5700-678b-489f-9be2-22a96bab523c,Mesa SM Pampanga,9d5916ff-3760-4269-b289-bb44e97c71f9,MARKET O METRO VENTURES CORP.,
Mesa,778a5700-678b-489f-9be2-22a96bab523c,Mesa SM Puerto Princesa,88d3e5c1-f526-4f28-b6fc-18e77d1afd59,#N/A,
Mesa,778a5700-678b-489f-9be2-22a96bab523c,Mesa SM San Lazaro,66e50e17-2b34-4a0c-b45d-1fc5b57fc14c,CAFÉ DEL MUNDO,
Mesa,778a5700-678b-489f-9be2-22a96bab523c,Mesa SM San Pablo,51aae5e1-286c-4ecb-a54d-edbd7e4d0404,8Moderne Concept and Authentic Foods Corporation,
Mesa,778a5700-678b-489f-9be2-22a96bab523c,Mesa SM Seaside Cebu,b1bc86a8-55ec-45ef-9073-6dfcab8688bb,NDM CAFETERIA,
Mesa,778a5700-678b-489f-9be2-22a96bab523c,Mesa SM Sorsogon,6014274e-20a5-444b-ac2a-7c60a9167ef1,AREMAR FOOD CORP.,
Mesa,778a5700-678b-489f-9be2-22a96bab523c,Mesa SM Southmall,5de05eda-a57d-4685-a099-b6bf677ad783,YOSHEEN FOOD CORPORATION,
Mesa,778a5700-678b-489f-9be2-22a96bab523c,Mesa SM Sta Rosa,dd13ba12-7db8-4952-bcf7-5d2df5e7d6ee,PURPLE PLATE FOOD CORPORATION,
Mesa,778a5700-678b-489f-9be2-22a96bab523c,Mesa SM Sucat,ce66b867-50ed-4347-bb45-a85b058aea86,ZANGO ONE FOOD CORP.,
Mesa,778a5700-678b-489f-9be2-22a96bab523c,Mesa SM Tanza,94503035-c722-41cc-b3e3-c22caf3a5998,BATUHAN FOOD SERVICES,
Mesa,778a5700-678b-489f-9be2-22a96bab523c,Mesa SM Telabastagan,20d5e0ae-e3aa-45dd-a365-378a694fea15,AQUINO BISTRO GROUP INC,
Mesa,778a5700-678b-489f-9be2-22a96bab523c,Mesa SM Tuguegarao,00c699b6-3abd-40d0-9321-a15b93151b9f,MESA NORTE RESTAURANT,
Mesa,778a5700-678b-489f-9be2-22a96bab523c,Mesa Tomas Morato,dd989481-4c44-4b67-af85-8b2e95d168a8,NORTHSIDE TABLE FOOD CORP.,
Mesa,778a5700-678b-489f-9be2-22a96bab523c,Mesa Trinoma,8d1ea127-69b2-4676-b1e0-1f7e4b3c8ba4,LPR FOODS AND RESTAURANT,
Mesa,778a5700-678b-489f-9be2-22a96bab523c,Mesa UP Town Center,ca6308a3-d790-438a-833f-952f528fd9d5,LYSANDER P. RAGODON,
Mesa,778a5700-678b-489f-9be2-22a96bab523c,Mesa Vista Mall Taguig,a0a8b3ad-7c73-4d54-96d6-505a4f6ec87d,BEST GASTRONOMIC VENTURES CORPORATION,
The Alley by Vikings,f728f558-524e-4d6f-a614-9b4d85af59ff,The Alley by Vikings Ayala Malls Cloverleaf,3a3d877b-074d-477a-a958-52784b75fa30,Vikings Group,
The Alley by Vikings,f728f558-524e-4d6f-a614-9b4d85af59ff,The Alley by Vikings Ayala Malls Manila Bay,55b349a0-315e-46db-802b-4f18f751b576,Vikings Group,
The Alley by Vikings,f728f558-524e-4d6f-a614-9b4d85af59ff,The Alley by Vikings BGC,37e5949c-1e3d-48a4-abf3-fdab25ddf6ff,Vikings Group,
The Alley by Vikings,f728f558-524e-4d6f-a614-9b4d85af59ff,The Alley by Vikings Capitol Commons,b80efafa-1076-4da0-bdc0-d96f95e7d2f5,Vikings Group,
The Alley by Vikings,f728f558-524e-4d6f-a614-9b4d85af59ff,The Alley by Vikings UP Town Center,a14ba93b-725f-45ce-916d-153ffeabb31a,Vikings Group,